0,1,2
AI for Business Leaders,1 review,https://www.classcentral.com/course/ai-for-business-leaders--nd054-20665
AI and Big Data in Global Health Improvement,44 reviews,https://www.classcentral.com/course/ai-and-big-data-global-health-improvement-17981
Developing AI Applications on Azure,4 reviews,https://www.classcentral.com/course/developing-ai-applications-azure-17329
AI For Everyone,6 reviews,https://www.classcentral.com/course/ai-for-everyone-12502
Knowledge-Based AI: Cognitive Systems,2 reviews,https://www.classcentral.com/course/udacity-knowledge-based-ai-cognitive-systems-1025
AI Programming with Python,7 reviews,https://www.classcentral.com/course/ai-programming-python-nanodegree--nd089-18220
Become an AI Product Manager,5 reviews,https://www.classcentral.com/course/ai-product-manager-nanodegree--nd088-18196
Introduction to Artificial Intelligence (AI),1 review,https://www.classcentral.com/course/introduction-to-ai-13848
AI for Healthcare,1 review,https://www.classcentral.com/course/ai-for-healthcare-nanodegree--nd320-20659
Applied AI,1 review,https://www.classcentral.com/course/ibm-applied-ai-18347
